hash,datetime,author,files,insertions,deletions
3da0ba50,2023-10-07T00:23:08-07:00,anirudh428,1,2,0
928790b7,2023-10-07T00:24:45-07:00,anirudh428,125,98505,0
82b2f002,2023-10-07T00:42:31-07:00,anirudh428,1,1,0
317b2c07,2023-10-07T00:43:45-07:00,anirudh428,1,1,1
9d6919cc,2023-10-07T00:44:50-07:00,anirudh428,1,1,1
7c9cb5ca,2023-10-07T00:47:00-07:00,anirudh428,1,1,1
58a1a362,2023-10-07T00:53:02-07:00,anirudh428,1,3,0
9f942219,2023-10-07T11:36:27-07:00,anirudh428,13,14335,1155
55cad30c,2023-10-07T11:49:07-07:00,anirudh428,3,94,94
25209906,2023-10-08T14:30:03-07:00,anirudh428,2,98,119
a8fb5f83,2024-03-26T18:13:07-07:00,anirudh9280,3,4,1
d17df515,2024-07-23T14:50:01-07:00,anirudh9280,11,89,24
09562622,2024-10-02T12:55:00-07:00,anirudh9280,6,56,1
5dbfdbac,2024-10-02T14:26:16-07:00,anirudh9280,3,5021,13320
202347a4,2025-01-21T18:15:20-08:00,anirudh9280,7,90,55
d7a0ed78,2025-04-19T16:21:58-07:00,anirudh9280,12,1078,487
febb5fab,2025-04-25T21:37:33-07:00,anirudh9280,4,422,121
d97c883d,2025-05-09T23:33:41-07:00,anirudh9280,10,3674,27
5426d73c,2025-05-29T14:48:45-07:00,anirudh9280,17,4858,2226
60a095c6,2025-05-29T15:16:45-07:00,anirudh9280,1,590,54
b0c99c36,2026-07-30T17:59:51-07:00,anirudh9280,14,919,0
92f3724d,2026-07-30T18:35:12-07:00,anirudh9280,148,5741,103743
9716a3bc,2026-07-30T18:54:44-07:00,anirudh9280,14,4278,1966
536d9f3c,2026-07-30T19:02:01-07:00,anirudh9280,7,4134,3993
78633392,2026-07-30T19:12:53-07:00,anirudh9280,3,1529,1512
ea2f082c,2026-07-30T19:29:11-07:00,anirudh9280,9,1541,1076
